Time,VAV_1:DesPer 1:Des Heat Mass Flow [kg/s],VAV_1:DesPer 1:Des Heat Cap [W],VAV_1:DesPer 1:Des Cool Mass Flow [kg/s],VAV_1:DesPer 1:Des Sens Cool Cap [W],VAV_1:DesPer 1:Des Tot Cool Cap [W],VAV_1:DesPer 2:Des Heat Mass Flow [kg/s],VAV_1:DesPer 2:Des Heat Cap [W],VAV_1:DesPer 2:Des Cool Mass Flow [kg/s],VAV_1:DesPer 2:Des Sens Cool Cap [W],VAV_1:DesPer 2:Des Tot Cool Cap [W],VAV_2:DesPer 1:Des Heat Mass Flow [kg/s],VAV_2:DesPer 1:Des Heat Cap [W],VAV_2:DesPer 1:Des Cool Mass Flow [kg/s],VAV_2:DesPer 1:Des Sens Cool Cap [W],VAV_2:DesPer 1:Des Tot Cool Cap [W],VAV_2:DesPer 2:Des Heat Mass Flow [kg/s],VAV_2:DesPer 2:Des Heat Cap [W],VAV_2:DesPer 2:Des Cool Mass Flow [kg/s],VAV_2:DesPer 2:Des Sens Cool Cap [W],VAV_2:DesPer 2:Des Tot Cool Cap [W],VAV_3:DesPer 1:Des Heat Mass Flow [kg/s],VAV_3:DesPer 1:Des Heat Cap [W],VAV_3:DesPer 1:Des Cool Mass Flow [kg/s],VAV_3:DesPer 1:Des Sens Cool Cap [W],VAV_3:DesPer 1:Des Tot Cool Cap [W],VAV_3:DesPer 2:Des Heat Mass Flow [kg/s],VAV_3:DesPer 2:Des Heat Cap [W],VAV_3:DesPer 2:Des Cool Mass Flow [kg/s],VAV_3:DesPer 2:Des Sens Cool Cap [W],VAV_3:DesPer 2:Des Tot Cool Cap [W]
00:10:00,2.243014E+00,4.523255E+04,1.313795E+00,0.000000E+00,0.000000E+00,1.313795E+00,0.000000E+00,1.313795E+00,1.256678E+04,4.250924E+04,2.359189E+00,4.473128E+04,1.313795E+00,0.000000E+00,0.000000E+00,1.313795E+00,0.000000E+00,1.313795E+00,1.256678E+04,4.250924E+04,3.386965E+00,4.029510E+04,1.313795E+00,0.000000E+00,0.000000E+00,1.313795E+00,0.000000E+00,1.471148E+00,1.582390E+04,4.627546E+04
00:20:00,2.243127E+00,4.523206E+04,1.313795E+00,0.000000E+00,0.000000E+00,1.313795E+00,0.000000E+00,1.313795E+00,1.242552E+04,4.197554E+04,2.359366E+00,4.473052E+04,1.313795E+00,0.000000E+00,0.000000E+00,1.313795E+00,0.000000E+00,1.313795E+00,1.242552E+04,4.197554E+04,3.389762E+00,4.028302E+04,1.313795E+00,0.000000E+00,0.000000E+00,1.313795E+00,0.000000E+00,1.475363E+00,1.576806E+04,4.583572E+04
00:30:00,2.243238E+00,4.523158E+04,1.313795E+00,0.000000E+00,0.000000E+00,1.313795E+00,0.000000E+00,1.313795E+00,1.228426E+04,4.144423E+04,2.359543E+00,4.472975E+04,1.313795E+00,0.000000E+00,0.000000E+00,1.313795E+00,0.000000E+00,1.313795E+00,1.228426E+04,4.144423E+04,3.392461E+00,4.027137E+04,1.313795E+00,0.000000E+00,0.000000E+00,1.313795E+00,0.000000E+00,1.477767E+00,1.567744E+04,4.535796E+04
00:40:00,2.243348E+00,4.523111E+04,1.313795E+00,0.000000E+00,0.000000E+00,1.313795E+00,0.000000E+00,1.313795E+00,1.214300E+04,4.091532E+04,2.359720E+00,4.472899E+04,1.313795E+00,0.000000E+00,0.000000E+00,1.313795E+00,0.000000E+00,1.313795E+00,1.214300E+04,4.091532E+04,3.395067E+00,4.026012E+04,1.313795E+00,0.000000E+00,0.000000E+00,1.313795E+00,0.000000E+00,1.478755E+00,1.555968E+04,4.485122E+04
00:50:00,2.243455E+00,4.523065E+04,1.313795E+00,0.000000E+00,0.000000E+00,1.313795E+00,0.000000E+00,1.313795E+00,1.200174E+04,4.038878E+04,2.359895E+00,4.472823E+04,1.313795E+00,0.000000E+00,0.000000E+00,1.313795E+00,0.000000E+00,1.320215E+00,1.214584E+04,4.055827E+04,3.397584E+00,4.024925E+04,1.313795E+00,0.000000E+00,0.000000E+00,1.313795E+00,0.000000E+00,1.478634E+00,1.542064E+04,4.432243E+04
01:00:00,2.243562E+00,4.523019E+04,1.313795E+00,0.000000E+00,0.000000E+00,1.313795E+00,0.000000E+00,1.313795E+00,1.186048E+04,3.986460E+04,2.360070E+00,4.472748E+04,1.313795E+00,0.000000E+00,0.000000E+00,1.313795E+00,0.000000E+00,1.327456E+00,1.216671E+04,4.022430E+04,3.400018E+00,4.023874E+04,1.313795E+00,0.000000E+00,0.000000E+00,1.313795E+00,0.000000E+00,1.477639E+00,1.526479E+04,4.377684E+04
01:10:00,2.243672E+00,4.522971E+04,1.313795E+00,0.000000E+00,0.000000E+00,1.313795E+00,0.000000E+00,1.313795E+00,1.176631E+04,3.951646E+04,2.360258E+00,4.472667E+04,1.313795E+00,0.000000E+00,0.000000E+00,1.313795E+00,0.000000E+00,1.335861E+00,1.225993E+04,4.009544E+04,3.402393E+00,4.022849E+04,1.313795E+00,0.000000E+00,0.000000E+00,1.313795E+00,0.000000E+00,1.477956E+00,1.518165E+04,4.343690E+04
01:20:00,2.243780E+00,4.522924E+04,1.313795E+00,0.000000E+00,0.000000E+00,1.313795E+00,0.000000E+00,1.313795E+00,1.167214E+04,3.916935E+04,2.360445E+00,4.472586E+04,1.313795E+00,0.000000E+00,0.000000E+00,1.313795E+00,0.000000E+00,1.343843E+00,1.234311E+04,3.995521E+04,3.404692E+00,4.021857E+04,1.313795E+00,0.000000E+00,0.000000E+00,1.313795E+00,0.000000E+00,1.478828E+00,1.511075E+04,4.311273E+04
01:30:00,2.243887E+00,4.522878E+04,1.313795E+00,0.000000E+00,0.000000E+00,1.313795E+00,0.000000E+00,1.313795E+00,1.157797E+04,3.882329E+04,2.360631E+00,4.472506E+04,1.313795E+00,0.000000E+00,0.000000E+00,1.313795E+00,0.000000E+00,1.351449E+00,1.241744E+04,3.980509E+04,3.406918E+00,4.020896E+04,1.313795E+00,0.000000E+00,0.000000E+00,1.313795E+00,0.000000E+00,1.479990E+00,1.504652E+04,4.279777E+04
01:40:00,2.243993E+00,4.522833E+04,1.313795E+00,0.000000E+00,0.000000E+00,1.313795E+00,0.000000E+00,1.313795E+00,1.148379E+04,3.847825E+04,2.360816E+00,4.472426E+04,1.313795E+00,0.000000E+00,0.000000E+00,1.313795E+00,0.000000E+00,1.358738E+00,1.248429E+04,3.964672E+04,3.409075E+00,4.019964E+04,1.313795E+00,0.000000E+00,0.000000E+00,1.313795E+00,0.000000E+00,1.480851E+00,1.497647E+04,4.247743E+04
01:50:00,2.244096E+00,4.522788E+04,1.313795E+00,0.000000E+00,0.000000E+00,1.313795E+00,0.000000E+00,1.313795E+00,1.138962E+04,3.813424E+04,2.361001E+00,4.472346E+04,1.313795E+00,0.000000E+00,0.000000E+00,1.313795E+00,0.000000E+00,1.365756E+00,1.254473E+04,3.948140E+04,3.411165E+00,4.019062E+04,1.313795E+00,0.000000E+00,0.000000E+00,1.313795E+00,0.000000E+00,1.481469E+00,1.490169E+04,4.215295E+04
02:00:00,2.244199E+00,4.522744E+04,1.313795E+00,0.000000E+00,0.000000E+00,1.313795E+00,0.000000E+00,1.313795E+00,1.129545E+04,3.779126E+04,2.361184E+00,4.472267E+04,1.313795E+00,0.000000E+00,0.000000E+00,1.313795E+00,0.000000E+00,1.372539E+00,1.259963E+04,3.931019E+04,3.413192E+00,4.018186E+04,1.313795E+00,0.000000E+00,0.000000E+00,1.313795E+00,0.000000E+00,1.481892E+00,1.482309E+04,4.182534E+04
02:10:00,2.244300E+00,4.522700E+04,1.313795E+00,0.000000E+00,0.000000E+00,1.313795E+00,0.000000E+00,1.313795E+00,1.122482E+04,3.753469E+04,2.361366E+00,4.472189E+04,1.313795E+00,0.000000E+00,0.000000E+00,1.313795E+00,0.000000E+00,1.379118E+00,1.267326E+04,3.921938E+04,3.415159E+00,4.017337E+04,1.313795E+00,0.000000E+00,0.000000E+00,1.313795E+00,0.000000E+00,1.482158E+00,1.476501E+04,4.158092E+04
02:20:00,2.244399E+00,4.522657E+04,1.313795E+00,0.000000E+00,0.000000E+00,1.313795E+00,0.000000E+00,1.313795E+00,1.115419E+04,3.727870E+04,2.361548E+00,4.472110E+04,1.313795E+00,0.000000E+00,0.000000E+00,1.313795E+00,0.000000E+00,1.385515E+00,1.274261E+04,3.912381E+04,3.417067E+00,4.016514E+04,1.313795E+00,0.000000E+00,0.000000E+00,1.313795E+00,0.000000E+00,1.482297E+00,1.470448E+04,4.133450E+04
02:30:00,2.244497E+00,4.522615E+04,1.313795E+00,0.000000E+00,0.000000E+00,1.313795E+00,0.000000E+00,1.313795E+00,1.108356E+04,3.702327E+04,2.361728E+00,4.472033E+04,1.313795E+00,0.000000E+00,0.000000E+00,1.313795E+00,0.000000E+00,1.391749E+00,1.280809E+04,3.902398E+04,3.418920E+00,4.015714E+04,1.313795E+00,0.000000E+00,0.000000E+00,1.313795E+00,0.000000E+00,1.482330E+00,1.464189E+04,4.108651E+04
02:40:00,2.244592E+00,4.522574E+04,1.313795E+00,0.000000E+00,0.000000E+00,1.313795E+00,0.000000E+00,1.313795E+00,1.101293E+04,3.676842E+04,2.361904E+00,4.471957E+04,1.313795E+00,0.000000E+00,0.000000E+00,1.313795E+00,0.000000E+00,1.397834E+00,1.287005E+04,3.892032E+04,3.420686E+00,4.014951E+04,1.313795E+00,0.000000E+00,0.000000E+00,1.313795E+00,0.000000E+00,1.482277E+00,1.457758E+04,4.083730E+04
02:50:00,2.244684E+00,4.522534E+04,1.313795E+00,0.000000E+00,0.000000E+00,1.313795E+00,0.000000E+00,1.313795E+00,1.094230E+04,3.651413E+04,2.362076E+00,4.471882E+04,1.313795E+00,0.000000E+00,0.000000E+00,1.313795E+00,0.000000E+00,1.403782E+00,1.292872E+04,3.881315E+04,3.422377E+00,4.014221E+04,1.313795E+00,0.000000E+00,0.000000E+00,1.313795E+00,0.000000E+00,1.482150E+00,1.451181E+04,4.058716E+04
03:00:00,2.244773E+00,4.522496E+04,1.313795E+00,0.000000E+00,0.000000E+00,1.313795E+00,0.000000E+00,1.313795E+00,1.087167E+04,3.626041E+04,2.362246E+00,4.471809E+04,1.313795E+00,0.000000E+00,0.000000E+00,1.313795E+00,0.000000E+00,1.409602E+00,1.298433E+04,3.870274E+04,3.424005E+00,4.013518E+04,1.313795E+00,0.000000E+00,0.000000E+00,1.313795E+00,0.000000E+00,1.481964E+00,1.444481E+04,4.033632E+04
03:10:00,2.244861E+00,4.522458E+04,1.313795E+00,0.000000E+00,0.000000E+00,1.313795E+00,0.000000E+00,1.313795E+00,1.080104E+04,3.600726E+04,2.362414E+00,4.471737E+04,1.313795E+00,0.000000E+00,0.000000E+00,1.313795E+00,0.000000E+00,1.415301E+00,1.303717E+04,3.858945E+04,3.425576E+00,4.012840E+04,1.313795E+00,0.000000E+00,0.000000E+00,1.313795E+00,0.000000E+00,1.481728E+00,1.437693E+04,4.008516E+04
03:20:00,2.244946E+00,4.522421E+04,1.313795E+00,0.000000E+00,0.000000E+00,1.313795E+00,0.000000E+00,1.313795E+00,1.073041E+04,3.575466E+04,2.362579E+00,4.471665E+04,1.313795E+00,0.000000E+00,0.000000E+00,1.313795E+00,0.000000E+00,1.420887E+00,1.308740E+04,3.847346E+04,3.427094E+00,4.012185E+04,1.313795E+00,0.000000E+00,0.000000E+00,1.313795E+00,0.000000E+00,1.481449E+00,1.430830E+04,3.983378E+04
03:30:00,2.245030E+00,4.522385E+04,1.313795E+00,0.000000E+00,0.000000E+00,1.313795E+00,0.000000E+00,1.313795E+00,1.065978E+04,3.550263E+04,2.362743E+00,4.471595E+04,1.313795E+00,0.000000E+00,0.000000E+00,1.313795E+00,0.000000E+00,1.426362E+00,1.313512E+04,3.835492E+04,3.428562E+00,4.011550E+04,1.313795E+00,0.000000E+00,0.000000E+00,1.313795E+00,0.000000E+00,1.481130E+00,1.423900E+04,3.958228E+04
03:40:00,2.245115E+00,4.522349E+04,1.313795E+00,0.000000E+00,0.000000E+00,1.313795E+00,0.000000E+00,1.313795E+00,1.058915E+04,3.525116E+04,2.362908E+00,4.471523E+04,1.313795E+00,0.000000E+00,0.000000E+00,1.313795E+00,0.000000E+00,1.431730E+00,1.318045E+04,3.823396E+04,3.430017E+00,4.010922E+04,1.313795E+00,0.000000E+00,0.000000E+00,1.313795E+00,0.000000E+00,1.480775E+00,1.416907E+04,3.933069E+04
03:50:00,2.245199E+00,4.522312E+04,1.313795E+00,0.000000E+00,0.000000E+00,1.313795E+00,0.000000E+00,1.313795E+00,1.051852E+04,3.500025E+04,2.363075E+00,4.471451E+04,1.313795E+00,0.000000E+00,0.000000E+00,1.313795E+00,0.000000E+00,1.436995E+00,1.322346E+04,3.811071E+04,3.431452E+00,4.010303E+04,1.313795E+00,0.000000E+00,0.000000E+00,1.313795E+00,0.000000E+00,1.480387E+00,1.409858E+04,3.907907E+04
04:00:00,2.245284E+00,4.522276E+04,1.313795E+00,0.000000E+00,0.000000E+00,1.313795E+00,0.000000E+00,1.313795E+00,1.044789E+04,3.474989E+04,2.363242E+00,4.471379E+04,1.313795E+00,0.000000E+00,0.000000E+00,1.313795E+00,0.000000E+00,1.442159E+00,1.326424E+04,3.798525E+04,3.432858E+00,4.009696E+04,1.313795E+00,0.000000E+00,0.000000E+00,1.313795E+00,0.000000E+00,1.479967E+00,1.402758E+04,3.882746E+04
04:10:00,2.245368E+00,4.522239E+04,1.313795E+00,0.000000E+00,0.000000E+00,1.313795E+00,0.000000E+00,1.313795E+00,1.040081E+04,3.458329E+04,2.363409E+00,4.471307E+04,1.313795E+00,0.000000E+00,0.000000E+00,1.313795E+00,0.000000E+00,1.447225E+00,1.332620E+04,3.794071E+04,3.434234E+00,4.009102E+04,1.313795E+00,0.000000E+00,0.000000E+00,1.313795E+00,0.000000E+00,1.479519E+00,1.397942E+04,3.865891E+04
04:20:00,2.245451E+00,4.522204E+04,1.313795E+00,0.000000E+00,0.000000E+00,1.313795E+00,0.000000E+00,1.313795E+00,1.035372E+04,3.441694E+04,2.363575E+00,4.471236E+04,1.313795E+00,0.000000E+00,0.000000E+00,1.313795E+00,0.000000E+00,1.452196E+00,1.338587E+04,3.789370E+04,3.435579E+00,4.008521E+04,1.313795E+00,0.000000E+00,0.000000E+00,1.313795E+00,0.000000E+00,1.479046E+00,1.393062E+04,3.848998E+04
04:30:00,2.245533E+00,4.522168E+04,1.313795E+00,0.000000E+00,0.000000E+00,1.313795E+00,0.000000E+00,1.313795E+00,1.030663E+04,3.425083E+04,2.363740E+00,4.471164E+04,1.313795E+00,0.000000E+00,0.000000E+00,1.313795E+00,0.000000E+00,1.457074E+00,1.344330E+04,3.784427E+04,3.436893E+00,4.007953E+04,1.313795E+00,0.000000E+00,0.000000E+00,1.313795E+00,0.000000E+00,1.478554E+00,1.388130E+04,3.832080E+04
04:40:00,2.245615E+00,4.522133E+04,1.313795E+00,0.000000E+00,0.000000E+00,1.313795E+00,0.000000E+00,1.313795E+00,1.025955E+04,3.408498E+04,2.363905E+00,4.471093E+04,1.313795E+00,0.000000E+00,0.000000E+00,1.313795E+00,0.000000E+00,1.461852E+00,1.349831E+04,3.779224E+04,3.438177E+00,4.007399E+04,1.313795E+00,0.000000E+00,0.000000E+00,1.313795E+00,0.000000E+00,1.478069E+00,1.383193E+04,3.815188E+04
04:50:00,2.245695E+00,4.522098E+04,1.313795E+00,0.000000E+00,0.000000E+00,1.313795E+00,0.000000E+00,1.313795E+00,1.021246E+04,3.391936E+04,2.364069E+00,4.471022E+04,1.313795E+00,0.000000E+00,0.000000E+00,1.313795E+00,0.000000E+00,1.466540E+00,1.355074E+04,3.773746E+04,3.439430E+00,4.006858E+04,1.313795E+00,0.000000E+00,0.000000E+00,1.313795E+00,0.000000E+00,1.477592E+00,1.378209E+04,3.798279E+04
05:00:00,2.245775E+00,4.522064E+04,1.313795E+00,0.000000E+00,0.000000E+00,1.313795E+00,0.000000E+00,1.313795E+00,1.016537E+04,3.375399E+04,2.364232E+00,4.470952E+04,1.313795E+00,0.000000E+00,0.000000E+00,1.313795E+00,0.000000E+00,1.471262E+00,1.359551E+04,3.767492E+04,3.440653E+00,4.006330E+04,1.313795E+00,0.000000E+00,0.000000E+00,1.313795E+00,0.000000E+00,1.477192E+00,1.372515E+04,3.780674E+04
05:10:00,2.245853E+00,4.522030E+04,1.313795E+00,0.000000E+00,0.000000E+00,1.313795E+00,0.000000E+00,1.313795E+00,1.021246E+04,3.391936E+04,2.364394E+00,4.470882E+04,1.313795E+00,0.000000E+00,0.000000E+00,1.313795E+00,0.000000E+00,1.476377E+00,1.372875E+04,3.793578E+04,3.441847E+00,4.005815E+04,1.313795E+00,0.000000E+00,0.000000E+00,1.313795E+00,0.000000E+00,1.477229E+00,1.375720E+04,3.795499E+04
05:20:00,2.245931E+00,4.521996E+04,1.313795E+00,0.000000E+00,0.000000E+00,1.313795E+00,0.000000E+00,1.313795E+00,1.025955E+04,3.408498E+04,2.364555E+00,4.470813E+04,1.313795E+00,0.000000E+00,0.000000E+00,1.313795E+00,0.000000E+00,1.482420E+00,1.386864E+04,3.820055E+04,3.443013E+00,4.005311E+04,1.313795E+00,0.000000E+00,0.000000E+00,1.313795E+00,0.000000E+00,1.478249E+00,1.379783E+04,3.810979E+04
05:30:00,2.246008E+00,4.521963E+04,1.313795E+00,0.000000E+00,0.000000E+00,1.313795E+00,0.000000E+00,1.313795E+00,1.030663E+04,3.425083E+04,2.364715E+00,4.470744E+04,1.313795E+00,0.000000E+00,0.000000E+00,1.313795E+00,0.000000E+00,1.498454E+00,1.420755E+04,3.869102E+04,3.444151E+00,4.004820E+04,1.313795E+00,0.000000E+00,0.000000E+00,1.313795E+00,0.000000E+00,1.486205E+00,1.397496E+04,3.841814E+04
05:40:00,2.246084E+00,4.521930E+04,1.313795E+00,0.000000E+00,0.000000E+00,1.313795E+00,0.000000E+00,1.313795E+00,1.035372E+04,3.441694E+04,2.364873E+00,4.470675E+04,1.313795E+00,0.000000E+00,0.000000E+00,1.313795E+00,0.000000E+00,1.541746E+00,1.509174E+04,3.980473E+04,3.445262E+00,4.004340E+04,1.313795E+00,0.000000E+00,0.000000E+00,1.313795E+00,0.000000E+00,1.523428E+00,1.475005E+04,3.941052E+04
05:50:00,2.246159E+00,4.521898E+04,1.313795E+00,0.000000E+00,0.000000E+00,1.313795E+00,0.000000E+00,1.313795E+00,1.040081E+04,3.458329E+04,2.365031E+00,4.470607E+04,1.313795E+00,0.000000E+00,0.000000E+00,1.313795E+00,0.000000E+00,1.599994E+00,1.622715E+04,4.119698E+04,3.446346E+00,4.003872E+04,1.313795E+00,0.000000E+00,0.000000E+00,1.313795E+00,0.000000E+00,1.571715E+00,1.570488E+04,4.060046E+04
06:00:00,2.246233E+00,4.521866E+04,1.313795E+00,0.000000E+00,0.000000E+00,1.313795E+00,0.000000E+00,1.346907E+00,1.142537E+04,3.590935E+04,2.365188E+00,4.470540E+04,1.313795E+00,0.000000E+00,0.000000E+00,1.313795E+00,0.000000E+00,1.682702E+00,1.779307E+04,4.307243E+04,3.447405E+00,4.003415E+04,1.313795E+00,0.000000E+00,0.000000E+00,1.313795E+00,0.000000E+00,1.644511E+00,1.710503E+04,4.229268E+04
06:10:00,2.202396E+00,4.540735E+04,1.313795E+00,0.000000E+00,0.000000E+00,1.313795E+00,0.000000E+00,1.543926E+00,1.668860E+04,4.241616E+04,2.321407E+00,4.489377E+04,1.313795E+00,0.000000E+00,0.000000E+00,1.313795E+00,0.000000E+00,2.761585E+00,3.755938E+04,6.533670E+04,3.404489E+00,4.021837E+04,1.313795E+00,0.000000E+00,0.000000E+00,1.313795E+00,0.000000E+00,2.690649E+00,3.648131E+04,6.413620E+04
06:20:00,2.158085E+00,4.559812E+04,1.313795E+00,0.000000E+00,0.000000E+00,1.313795E+00,0.000000E+00,2.273880E+00,3.358199E+04,6.232615E+04,2.277143E+00,4.508427E+04,1.313795E+00,0.000000E+00,0.000000E+00,1.313795E+00,0.000000E+00,3.764508E+00,5.320307E+04,8.302485E+04,3.356226E+00,4.042568E+04,1.313795E+00,0.000000E+00,0.000000E+00,1.313795E+00,0.000000E+00,3.675968E+00,5.203311E+04,8.175712E+04
06:30:00,2.113315E+00,4.579096E+04,1.313795E+00,0.000000E+00,0.000000E+00,1.313795E+00,0.000000E+00,2.982915E+00,4.641951E+04,7.678632E+04,2.232404E+00,4.527692E+04,1.313795E+00,0.000000E+00,0.000000E+00,1.313795E+00,0.000000E+00,4.671285E+00,6.493803E+04,9.564090E+04,3.300339E+00,4.066600E+04,1.313795E+00,0.000000E+00,0.000000E+00,1.313795E+00,0.000000E+00,4.568462E+00,6.369430E+04,9.433734E+04
06:40:00,2.068251E+00,4.598522E+04,1.313795E+00,0.000000E+00,0.000000E+00,1.313795E+00,0.000000E+00,3.675122E+00,5.494358E+04,8.663439E+04,2.187355E+00,4.547104E+04,1.313795E+00,0.000000E+00,0.000000E+00,1.313795E+00,0.000000E+00,5.535939E+00,7.405581E+04,1.058588E+05,3.238330E+00,4.093293E+04,1.313795E+00,0.000000E+00,0.000000E+00,1.313795E+00,0.000000E+00,5.421307E+00,7.273644E+04,1.044930E+05
06:50:00,2.022983E+00,4.618036E+04,1.313795E+00,0.000000E+00,0.000000E+00,1.313795E+00,0.000000E+00,4.343539E+00,5.952628E+04,9.240265E+04,2.142089E+00,4.566611E+04,1.313795E+00,0.000000E+00,0.000000E+00,1.313795E+00,0.000000E+00,6.367001E+00,8.091432E+04,1.139154E+05,3.171638E+00,4.122004E+04,1.313795E+00,0.000000E+00,0.000000E+00,1.313795E+00,0.000000E+00,6.242215E+00,7.949800E+04,1.124563E+05
07:00:00,1.977563E+00,4.637617E+04,1.313795E+00,0.000000E+00,0.000000E+00,1.313795E+00,0.000000E+00,4.992446E+00,6.050489E+04,9.452150E+04,2.096656E+00,4.586190E+04,1.313795E+00,0.000000E+00,0.000000E+00,1.313795E+00,0.000000E+00,7.170635E+00,8.576998E+04,1.200268E+05,3.101138E+00,4.152359E+04,1.313795E+00,0.000000E+00,0.000000E+00,1.313795E+00,0.000000E+00,7.036751E+00,8.422305E+04,1.184379E+05
07:10:00,1.975902E+00,4.638334E+04,1.313795E+00,0.000000E+00,0.000000E+00,1.313795E+00,0.000000E+00,4.978183E+00,5.998853E+04,9.468703E+04,2.095030E+00,4.586891E+04,1.313795E+00,0.000000E+00,0.000000E+00,1.313795E+00,0.000000E+00,6.920457E+00,8.251780E+04,1.174934E+05,3.071297E+00,4.165232E+04,1.313795E+00,0.000000E+00,0.000000E+00,1.313795E+00,0.000000E+00,6.789976E+00,8.101545E+04,1.159448E+05
07:20:00,1.974511E+00,4.638935E+04,1.313795E+00,0.000000E+00,0.000000E+00,1.313795E+00,0.000000E+00,5.025798E+00,6.096744E+04,9.640668E+04,2.093777E+00,4.587430E+04,1.313795E+00,0.000000E+00,0.000000E+00,1.313795E+00,0.000000E+00,6.775490E+00,8.123645E+04,1.171388E+05,3.043857E+00,4.177069E+04,1.313795E+00,0.000000E+00,0.000000E+00,1.313795E+00,0.000000E+00,6.646283E+00,7.974750E+04,1.156011E+05
07:30:00,1.973370E+00,4.639423E+04,1.313795E+00,0.000000E+00,0.000000E+00,1.313795E+00,0.000000E+00,5.125781E+00,6.255552E+04,9.897801E+04,2.092905E+00,4.587800E+04,1.313795E+00,0.000000E+00,0.000000E+00,1.313795E+00,0.000000E+00,6.703849E+00,8.080940E+04,1.177712E+05,3.021397E+00,4.186751E+04,1.313795E+00,0.000000E+00,0.000000E+00,1.313795E+00,0.000000E+00,6.573436E+00,7.930585E+04,1.162166E+05
07:40:00,1.972339E+00,4.639854E+04,1.313795E+00,0.000000E+00,0.000000E+00,1.313795E+00,0.000000E+00,5.245254E+00,6.435274E+04,1.019026E+05,2.092259E+00,4.588063E+04,1.313795E+00,0.000000E+00,0.000000E+00,1.313795E+00,0.000000E+00,6.655035E+00,8.064568E+04,1.187222E+05,3.002661E+00,4.194812E+04,1.313795E+00,0.000000E+00,0.000000E+00,1.313795E+00,0.000000E+00,6.521857E+00,7.910964E+04,1.171326E+05
07:50:00,1.971360E+00,4.640267E+04,1.313795E+00,0.000000E+00,0.000000E+00,1.313795E+00,0.000000E+00,5.379001E+00,6.629265E+04,1.050683E+05,2.091753E+00,4.588268E+04,1.313795E+00,0.000000E+00,0.000000E+00,1.313795E+00,0.000000E+00,6.623045E+00,8.067615E+04,1.199046E+05,2.986422E+00,4.201805E+04,1.313795E+00,0.000000E+00,0.000000E+00,1.313795E+00,0.000000E+00,6.486310E+00,7.909860E+04,1.182710E+05
08:00:00,1.970403E+00,4.640671E+04,1.313795E+00,0.000000E+00,0.000000E+00,1.313795E+00,0.000000E+00,5.523599E+00,6.833117E+04,1.084062E+05,2.091341E+00,4.588437E+04,1.313795E+00,0.000000E+00,0.000000E+00,1.313795E+00,0.000000E+00,6.603513E+00,8.085057E+04,1.212616E+05,2.971983E+00,4.208027E+04,1.313795E+00,0.000000E+00,0.000000E+00,1.313795E+00,0.000000E+00,6.463129E+00,7.923056E+04,1.195833E+05
08:10:00,1.969493E+00,4.641058E+04,1.313795E+00,0.000000E+00,0.000000E+00,1.313795E+00,0.000000E+00,5.673158E+00,7.054964E+04,1.118096E+05,2.090990E+00,4.588580E+04,1.313795E+00,0.000000E+00,0.000000E+00,1.313795E+00,0.000000E+00,6.593118E+00,8.117775E+04,1.226291E+05,2.958986E+00,4.213632E+04,1.313795E+00,0.000000E+00,0.000000E+00,1.313795E+00,0.000000E+00,6.449471E+00,7.951986E+04,1.209111E+05
08:20:00,1.968706E+00,4.641393E+04,1.313795E+00,0.000000E+00,0.000000E+00,1.313795E+00,0.000000E+00,5.830877E+00,7.285255E+04,1.140640E+05,2.090682E+00,4.588708E+04,1.313795E+00,0.000000E+00,0.000000E+00,1.313795E+00,0.000000E+00,6.591580E+00,8.160732E+04,1.230996E+05,2.947196E+00,4.218719E+04,1.313795E+00,0.000000E+00,0.000000E+00,1.313795E+00,0.000000E+00,6.445308E+00,7.991904E+04,1.213499E+05
08:30:00,1.968064E+00,4.641667E+04,1.313795E+00,0.000000E+00,0.000000E+00,1.313795E+00,0.000000E+00,5.995676E+00,7.522234E+04,1.164608E+05,2.090404E+00,4.588824E+04,1.313795E+00,0.000000E+00,0.000000E+00,1.313795E+00,0.000000E+00,6.597429E+00,8.212219E+04,1.236444E+05,2.936436E+00,4.223364E+04,1.313795E+00,0.000000E+00,0.000000E+00,1.313795E+00,0.000000E+00,6.449411E+00,8.041382E+04,1.218742E+05
08:40:00,1.967547E+00,4.641887E+04,1.313795E+00,0.000000E+00,0.000000E+00,1.313795E+00,0.000000E+00,6.165202E+00,7.763005E+04,1.189540E+05,2.090145E+00,4.588933E+04,1.313795E+00,0.000000E+00,0.000000E+00,1.313795E+00,0.000000E+00,6.607919E+00,8.269068E+04,1.242373E+05,2.926563E+00,4.227626E+04,1.313795E+00,0.000000E+00,0.000000E+00,1.313795E+00,0.000000E+00,6.459169E+00,8.097399E+04,1.224589E+05
08:50:00,1.967131E+00,4.642064E+04,1.313795E+00,0.000000E+00,0.000000E+00,1.313795E+00,0.000000E+00,6.337960E+00,8.005703E+04,1.215038E+05,2.089903E+00,4.589035E+04,1.313795E+00,0.000000E+00,0.000000E+00,1.313795E+00,0.000000E+00,6.621528E+00,8.329518E+04,1.248636E+05,2.917502E+00,4.231538E+04,1.313795E+00,0.000000E+00,0.000000E+00,1.313795E+00,0.000000E+00,6.473299E+00,8.158470E+04,1.230922E+05
09:00:00,1.966794E+00,4.642209E+04,1.313795E+00,0.000000E+00,0.000000E+00,1.313795E+00,0.000000E+00,6.513041E+00,8.249174E+04,1.240854E+05,2.089672E+00,4.589133E+04,1.313795E+00,0.000000E+00,0.000000E+00,1.313795E+00,0.000000E+00,6.637213E+00,8.392359E+04,1.255127E+05,2.909143E+00,4.235148E+04,1.313795E+00,0.000000E+00,0.000000E+00,1.313795E+00,0.000000E+00,6.490755E+00,8.223378E+04,1.237631E+05
09:10:00,1.966500E+00,4.642334E+04,1.313795E+00,0.000000E+00,0.000000E+00,1.313795E+00,0.000000E+00,6.466346E+00,8.236787E+04,1.238673E+05,2.089449E+00,4.589228E+04,1.313795E+00,0.000000E+00,0.000000E+00,1.313795E+00,0.000000E+00,6.653117E+00,8.450744E+04,1.261146E+05,2.901393E+00,4.238495E+04,1.313795E+00,0.000000E+00,0.000000E+00,1.313795E+00,0.000000E+00,6.509762E+00,8.285367E+04,1.244027E+05
09:20:00,1.966192E+00,4.642466E+04,1.313795E+00,0.000000E+00,0.000000E+00,1.313795E+00,0.000000E+00,6.401195E+00,8.202752E+04,1.236063E+05,2.089233E+00,4.589321E+04,1.313795E+00,0.000000E+00,0.000000E+00,1.313795E+00,0.000000E+00,6.668712E+00,8.508766E+04,1.267130E+05,2.894181E+00,4.241611E+04,1.313795E+00,0.000000E+00,0.000000E+00,1.313795E+00,0.000000E+00,6.529879E+00,8.348631E+04,1.250556E+05
09:30:00,1.965847E+00,4.642614E+04,1.313795E+00,0.000000E+00,0.000000E+00,1.313795E+00,0.000000E+00,6.328303E+00,8.159063E+04,1.231837E+05,2.089021E+00,4.589411E+04,1.313795E+00,0.000000E+00,0.000000E+00,1.313795E+00,0.000000E+00,6.683493E+00,8.565842E+04,1.273006E+05,2.887445E+00,4.244520E+04,1.313795E+00,0.000000E+00,0.000000E+00,1.313795E+00,0.000000E+00,6.550610E+00,8.412593E+04,1.257147E+05
09:40:00,1.965465E+00,4.642779E+04,1.313795E+00,0.000000E+00,0.000000E+00,1.313795E+00,0.000000E+00,6.248843E+00,8.106981E+04,1.226270E+05,2.088813E+00,4.589500E+04,1.313795E+00,0.000000E+00,0.000000E+00,1.313795E+00,0.000000E+00,6.696860E+00,8.621282E+04,1.278708E+05,2.881135E+00,4.247246E+04,1.313795E+00,0.000000E+00,0.000000E+00,1.313795E+00,0.000000E+00,6.571421E+00,8.476639E+04,1.263741E+05
09:50:00,1.965050E+00,4.642958E+04,1.313795E+00,0.000000E+00,0.000000E+00,1.313795E+00,0.000000E+00,6.163781E+00,8.047563E+04,1.219642E+05,2.088608E+00,4.589589E+04,1.313795E+00,0.000000E+00,0.000000E+00,1.313795E+00,0.000000E+00,6.708412E+00,8.674624E+04,1.284192E+05,2.875170E+00,4.249823E+04,1.313795E+00,0.000000E+00,0.000000E+00,1.313795E+00,0.000000E+00,6.591871E+00,8.540260E+04,1.270289E+05
10:00:00,1.964609E+00,4.643148E+04,1.313795E+00,0.000000E+00,0.000000E+00,1.313795E+00,0.000000E+00,6.073496E+00,7.981207E+04,1.212094E+05,2.088404E+00,4.589677E+04,1.313795E+00,0.000000E+00,0.000000E+00,1.313795E+00,0.000000E+00,6.717711E+00,8.725366E+04,1.289407E+05,2.869525E+00,4.252261E+04,1.313795E+00,0.000000E+00,0.000000E+00,1.313795E+00,0.000000E+00,6.611566E+00,8.603002E+04,1.276745E+05
10:10:00,1.964167E+00,4.643339E+04,1.313795E+00,0.000000E+00,0.000000E+00,1.313795E+00,0.000000E+00,6.053282E+00,7.993213E+04,1.213183E+05,2.088200E+00,4.589764E+04,1.313795E+00,0.000000E+00,0.000000E+00,1.313795E+00,0.000000E+00,6.724970E+00,8.769051E+04,1.293894E+05,2.864180E+00,4.254570E+04,1.313795E+00,0.000000E+00,0.000000E+00,1.313795E+00,0.000000E+00,6.630711E+00,8.660401E+04,1.282651E+05
10:20:00,1.963775E+00,4.643508E+04,1.313795E+00,0.000000E+00,0.000000E+00,1.313795E+00,0.000000E+00,6.034633E+00,8.006992E+04,1.214859E+05,2.087998E+00,4.589852E+04,1.313795E+00,0.000000E+00,0.000000E+00,1.313795E+00,0.000000E+00,6.729672E+00,8.809791E+04,1.298083E+05,2.859110E+00,4.256760E+04,1.313795E+00,0.000000E+00,0.000000E+00,1.313795E+00,0.000000E+00,6.648725E+00,8.716496E+04,1.288425E+05
10:30:00,1.963454E+00,4.643646E+04,1.313795E+00,0.000000E+00,0.000000E+00,1.313795E+00,0.000000E+00,6.014064E+00,8.018494E+04,1.216145E+05,2.087797E+00,4.589938E+04,1.313795E+00,0.000000E+00,0.000000E+00,1.313795E+00,0.000000E+00,6.731546E+00,8.847273E+04,1.301937E+05,2.854333E+00,4.258824E+04,1.313795E+00,0.000000E+00,0.000000E+00,1.313795E+00,0.000000E+00,6.665380E+00,8.771021E+04,1.294041E+05
10:40:00,1.963197E+00,4.643757E+04,1.313795E+00,0.000000E+00,0.000000E+00,1.313795E+00,0.000000E+00,5.991208E+00,8.027288E+04,1.217029E+05,2.087598E+00,4.590024E+04,1.313795E+00,0.000000E+00,0.000000E+00,1.313795E+00,0.000000E+00,6.730602E+00,8.881510E+04,1.305456E+05,2.849818E+00,4.260774E+04,1.313795E+00,0.000000E+00,0.000000E+00,1.313795E+00,0.000000E+00,6.680641E+00,8.823937E+04,1.299490E+05
10:50:00,1.962995E+00,4.643844E+04,1.313795E+00,0.000000E+00,0.000000E+00,1.313795E+00,0.000000E+00,5.965843E+00,8.033115E+04,1.217522E+05,2.087400E+00,4.590109E+04,1.313795E+00,0.000000E+00,0.000000E+00,1.313795E+00,0.000000E+00,6.726908E+00,8.912579E+04,1.308647E+05,2.845531E+00,4.262626E+04,1.313795E+00,0.000000E+00,0.000000E+00,1.313795E+00,0.000000E+00,6.694529E+00,8.875269E+04,1.304773E+05
11:00:00,1.962835E+00,4.643913E+04,1.313795E+00,0.000000E+00,0.000000E+00,1.313795E+00,0.000000E+00,5.938084E+00,8.036101E+04,1.217662E+05,2.087203E+00,4.590194E+04,1.313795E+00,0.000000E+00,0.000000E+00,1.313795E+00,0.000000E+00,6.720712E+00,8.940762E+04,1.311536E+05,2.841451E+00,4.264389E+04,1.313795E+00,0.000000E+00,0.000000E+00,1.313795E+00,0.000000E+00,6.707262E+00,8.925268E+04,1.309916E+05
11:10:00,1.962690E+00,4.643976E+04,1.313795E+00,0.000000E+00,0.000000E+00,1.313795E+00,0.000000E+00,5.952162E+00,8.076068E+04,1.222011E+05,2.087005E+00,4.590280E+04,1.313795E+00,0.000000E+00,0.000000E+00,1.313795E+00,0.000000E+00,6.712008E+00,8.954280E+04,1.312912E+05,2.837524E+00,4.266085E+04,1.313795E+00,0.000000E+00,0.000000E+00,1.313795E+00,0.000000E+00,6.718742E+00,8.962044E+04,1.313695E+05
11:20:00,1.962508E+00,4.644054E+04,1.313795E+00,0.000000E+00,0.000000E+00,1.313795E+00,0.000000E+00,5.967798E+00,8.117808E+04,1.226126E+05,2.086808E+00,4.590365E+04,1.313795E+00,0.000000E+00,0.000000E+00,1.313795E+00,0.000000E+00,6.701301E+00,8.965479E+04,1.314057E+05,2.833778E+00,4.267704E+04,1.313795E+00,0.000000E+00,0.000000E+00,1.313795E+00,0.000000E+00,6.729460E+00,8.997934E+04,1.317390E+05
11:30:00,1.962267E+00,4.644159E+04,1.313795E+00,0.000000E+00,0.000000E+00,1.313795E+00,0.000000E+00,5.983410E+00,8.159465E+04,1.230347E+05,2.086611E+00,4.590450E+04,1.313795E+00,0.000000E+00,0.000000E+00,1.313795E+00,0.000000E+00,6.689291E+00,8.975166E+04,1.315044E+05,2.830163E+00,4.269265E+04,1.313795E+00,0.000000E+00,0.000000E+00,1.313795E+00,0.000000E+00,6.739980E+00,9.033582E+04,1.321060E+05
11:40:00,1.961969E+00,4.644287E+04,1.313795E+00,0.000000E+00,0.000000E+00,1.313795E+00,0.000000E+00,5.999415E+00,8.201512E+04,1.234700E+05,2.086414E+00,4.590535E+04,1.313795E+00,0.000000E+00,0.000000E+00,1.313795E+00,0.000000E+00,6.676786E+00,8.984266E+04,1.315965E+05,2.826670E+00,4.270774E+04,1.313795E+00,0.000000E+00,0.000000E+00,1.313795E+00,0.000000E+00,6.751039E+00,9.069838E+04,1.324787E+05
11:50:00,1.961624E+00,4.644436E+04,1.313795E+00,0.000000E+00,0.000000E+00,1.313795E+00,0.000000E+00,6.016527E+00,8.244767E+04,1.239235E+05,2.086216E+00,4.590621E+04,1.313795E+00,0.000000E+00,0.000000E+00,1.313795E+00,0.000000E+00,6.664816E+00,8.993962E+04,1.316939E+05,2.823303E+00,4.272229E+04,1.313795E+00,0.000000E+00,0.000000E+00,1.313795E+00,0.000000E+00,6.763547E+00,9.107745E+04,1.328676E+05
12:00:00,1.961240E+00,4.644602E+04,1.313795E+00,0.000000E+00,0.000000E+00,1.313795E+00,0.000000E+00,6.035831E+00,8.290480E+04,1.244061E+05,2.086019E+00,4.590706E+04,1.313795E+00,0.000000E+00,0.000000E+00,1.313795E+00,0.000000E+00,6.654637E+00,9.005705E+04,1.318113E+05,2.820056E+00,4.273632E+04,1.313795E+00,0.000000E+00,0.000000E+00,1.313795E+00,0.000000E+00,6.778696E+00,9.148681E+04,1.332868E+05
12:10:00,1.960847E+00,4.644772E+04,1.313795E+00,0.000000E+00,0.000000E+00,1.313795E+00,0.000000E+00,6.092439E+00,8.375402E+04,1.253280E+05,2.085823E+00,4.590790E+04,1.313795E+00,0.000000E+00,0.000000E+00,1.313795E+00,0.000000E+00,6.648180E+00,9.017028E+04,1.319242E+05,2.816958E+00,4.274970E+04,1.313795E+00,0.000000E+00,0.000000E+00,1.313795E+00,0.000000E+00,6.798322E+00,9.190068E+04,1.337103E+05
12:20:00,1.960497E+00,4.644923E+04,1.313795E+00,0.000000E+00,0.000000E+00,1.313795E+00,0.000000E+00,6.156790E+00,8.469117E+04,1.262347E+05,2.085627E+00,4.590875E+04,1.313795E+00,0.000000E+00,0.000000E+00,1.313795E+00,0.000000E+00,6.646532E+00,9.033918E+04,1.320938E+05,2.813962E+00,4.276264E+04,1.313795E+00,0.000000E+00,0.000000E+00,1.313795E+00,0.000000E+00,6.823424E+00,9.237780E+04,1.341982E+05
12:30:00,1.960215E+00,4.645044E+04,1.313795E+00,0.000000E+00,0.000000E+00,1.313795E+00,0.000000E+00,6.227746E+00,8.570240E+04,1.272520E+05,2.085430E+00,4.590960E+04,1.313795E+00,0.000000E+00,0.000000E+00,1.313795E+00,0.000000E+00,6.650315E+00,9.057106E+04,1.323279E+05,2.811058E+00,4.277519E+04,1.313795E+00,0.000000E+00,0.000000E+00,1.313795E+00,0.000000E+00,6.854531E+00,9.292441E+04,1.347572E+05
12:40:00,1.960000E+00,4.645138E+04,1.313795E+00,0.000000E+00,0.000000E+00,1.313795E+00,0.000000E+00,6.305198E+00,8.678616E+04,1.283710E+05,2.085233E+00,4.591045E+04,1.313795E+00,0.000000E+00,0.000000E+00,1.313795E+00,0.000000E+00,6.659732E+00,9.086833E+04,1.326295E+05,2.808248E+00,4.278732E+04,1.313795E+00,0.000000E+00,0.000000E+00,1.313795E+00,0.000000E+00,6.891778E+00,9.354202E+04,1.353894E+05
12:50:00,1.959839E+00,4.645207E+04,1.313795E+00,0.000000E+00,0.000000E+00,1.313795E+00,0.000000E+00,6.388679E+00,8.793654E+04,1.295768E+05,2.085036E+00,4.591131E+04,1.313795E+00,0.000000E+00,0.000000E+00,1.313795E+00,0.000000E+00,6.674538E+00,9.122804E+04,1.329964E+05,2.805530E+00,4.279906E+04,1.313795E+00,0.000000E+00,0.000000E+00,1.313795E+00,0.000000E+00,6.934881E+00,9.422720E+04,1.360919E+05
13:00:00,1.959724E+00,4.645257E+04,1.313795E+00,0.000000E+00,0.000000E+00,1.313795E+00,0.000000E+00,6.477276E+00,8.914227E+04,1.308515E+05,2.084839E+00,4.591216E+04,1.313795E+00,0.000000E+00,0.000000E+00,1.313795E+00,0.000000E+00,6.693990E+00,9.164138E+04,1.334194E+05,2.802900E+00,4.281043E+04,1.313795E+00,0.000000E+00,0.000000E+00,1.313795E+00,0.000000E+00,6.983012E+00,9.497014E+04,1.368547E+05
13:10:00,1.959653E+00,4.645287E+04,1.313795E+00,0.000000E+00,0.000000E+00,1.313795E+00,0.000000E+00,6.476885E+00,8.925855E+04,1.309326E+05,2.084641E+00,4.591301E+04,1.313795E+00,0.000000E+00,0.000000E+00,1.313795E+00,0.000000E+00,6.716621E+00,9.202055E+04,1.338080E+05,2.800332E+00,4.282152E+04,1.313795E+00,0.000000E+00,0.000000E+00,1.313795E+00,0.000000E+00,7.034669E+00,9.568268E+04,1.375867E+05
13:20:00,1.959638E+00,4.645294E+04,1.313795E+00,0.000000E+00,0.000000E+00,1.313795E+00,0.000000E+00,6.471248E+00,8.931360E+04,1.310219E+05,2.084444E+00,4.591386E+04,1.313795E+00,0.000000E+00,0.000000E+00,1.313795E+00,0.000000E+00,6.741338E+00,9.242354E+04,1.342222E+05,2.797849E+00,4.283225E+04,1.313795E+00,0.000000E+00,0.000000E+00,1.313795E+00,0.000000E+00,7.088712E+00,9.642226E+04,1.383476E+05
13:30:00,1.959679E+00,4.645276E+04,1.313795E+00,0.000000E+00,0.000000E+00,1.313795E+00,0.000000E+00,6.464006E+00,8.934879E+04,1.310688E+05,2.084248E+00,4.591471E+04,1.313795E+00,0.000000E+00,0.000000E+00,1.313795E+00,0.000000E+00,6.767202E+00,9.283949E+04,1.346505E+05,2.795449E+00,4.284262E+04,1.313795E+00,0.000000E+00,0.000000E+00,1.313795E+00,0.000000E+00,7.144150E+00,9.717748E+04,1.391251E+05
13:40:00,1.959769E+00,4.645237E+04,1.313795E+00,0.000000E+00,0.000000E+00,1.313795E+00,0.000000E+00,6.455095E+00,8.936334E+04,1.310773E+05,2.084053E+00,4.591555E+04,1.313795E+00,0.000000E+00,0.000000E+00,1.313795E+00,0.000000E+00,6.793408E+00,9.325919E+04,1.350830E+05,2.793125E+00,4.285266E+04,1.313795E+00,0.000000E+00,0.000000E+00,1.313795E+00,0.000000E+00,7.200120E+00,9.793843E+04,1.399089E+05
13:50:00,1.959901E+00,4.645180E+04,1.313795E+00,0.000000E+00,0.000000E+00,1.313795E+00,0.000000E+00,6.444375E+00,8.935562E+04,1.310518E+05,2.083860E+00,4.591639E+04,1.313795E+00,0.000000E+00,0.000000E+00,1.313795E+00,0.000000E+00,6.819271E+00,9.367474E+04,1.355113E+05,2.790872E+00,4.286239E+04,1.313795E+00,0.000000E+00,0.000000E+00,1.313795E+00,0.000000E+00,7.255866E+00,9.869648E+04,1.406897E+05
14:00:00,1.960067E+00,4.645109E+04,1.313795E+00,0.000000E+00,0.000000E+00,1.313795E+00,0.000000E+00,6.431604E+00,8.932286E+04,1.309930E+05,2.083668E+00,4.591721E+04,1.313795E+00,0.000000E+00,0.000000E+00,1.313795E+00,0.000000E+00,6.844191E+00,9.407931E+04,1.359284E+05,2.788688E+00,4.287182E+04,1.313795E+00,0.000000E+00,0.000000E+00,1.313795E+00,0.000000E+00,7.310717E+00,9.944399E+04,1.414597E+05
14:10:00,1.960257E+00,4.645026E+04,1.313795E+00,0.000000E+00,0.000000E+00,1.313795E+00,0.000000E+00,6.412650E+00,8.910722E+04,1.307379E+05,2.083478E+00,4.591803E+04,1.313795E+00,0.000000E+00,0.000000E+00,1.313795E+00,0.000000E+00,6.867442E+00,9.434685E+04,1.362047E+05,2.786573E+00,4.288096E+04,1.313795E+00,0.000000E+00,0.000000E+00,1.313795E+00,0.000000E+00,7.363837E+00,1.000536E+05,1.420880E+05
14:20:00,1.960453E+00,4.644942E+04,1.313795E+00,0.000000E+00,0.000000E+00,1.313795E+00,0.000000E+00,6.390601E+00,8.885479E+04,1.305217E+05,2.083289E+00,4.591885E+04,1.313795E+00,0.000000E+00,0.000000E+00,1.313795E+00,0.000000E+00,6.888538E+00,9.458952E+04,1.364567E+05,2.784519E+00,4.288983E+04,1.313795E+00,0.000000E+00,0.000000E+00,1.313795E+00,0.000000E+00,7.414707E+00,1.006373E+05,1.426909E+05
14:30:00,1.960646E+00,4.644859E+04,1.313795E+00,0.000000E+00,0.000000E+00,1.313795E+00,0.000000E+00,6.365388E+00,8.856420E+04,1.302407E+05,2.083103E+00,4.591965E+04,1.313795E+00,0.000000E+00,0.000000E+00,1.313795E+00,0.000000E+00,6.907137E+00,9.480340E+04,1.366796E+05,2.782524E+00,4.289845E+04,1.313795E+00,0.000000E+00,0.000000E+00,1.313795E+00,0.000000E+00,7.462900E+00,1.011900E+05,1.432625E+05
14:40:00,1.960834E+00,4.644777E+04,1.313795E+00,0.000000E+00,0.000000E+00,1.313795E+00,0.000000E+00,6.336850E+00,8.823350E+04,1.298979E+05,2.082919E+00,4.592045E+04,1.313795E+00,0.000000E+00,0.000000E+00,1.313795E+00,0.000000E+00,6.922954E+00,9.498525E+04,1.368694E+05,2.780586E+00,4.290682E+04,1.313795E+00,0.000000E+00,0.000000E+00,1.313795E+00,0.000000E+00,7.508036E+00,1.017075E+05,1.437978E+05
14:50:00,1.961020E+00,4.644697E+04,1.313795E+00,0.000000E+00,0.000000E+00,1.313795E+00,0.000000E+00,6.304828E+00,8.786070E+04,1.294975E+05,2.082736E+00,4.592124E+04,1.313795E+00,0.000000E+00,0.000000E+00,1.313795E+00,0.000000E+00,6.935724E+00,9.513205E+04,1.370229E+05,2.778702E+00,4.291496E+04,1.313795E+00,0.000000E+00,0.000000E+00,1.313795E+00,0.000000E+00,7.549788E+00,1.021862E+05,1.442928E+05
15:00:00,1.961205E+00,4.644617E+04,1.313795E+00,0.000000E+00,0.000000E+00,1.313795E+00,0.000000E+00,6.269684E+00,8.745002E+04,1.290480E+05,2.082556E+00,4.592202E+04,1.313795E+00,0.000000E+00,0.000000E+00,1.313795E+00,0.000000E+00,6.945753E+00,9.524738E+04,1.371434E+05,2.776871E+00,4.292287E+04,1.313795E+00,0.000000E+00,0.000000E+00,1.313795E+00,0.000000E+00,7.588315E+00,1.026279E+05,1.447493E+05
15:10:00,1.961389E+00,4.644538E+04,1.313795E+00,0.000000E+00,0.000000E+00,1.313795E+00,0.000000E+00,6.271636E+00,8.733119E+04,1.289317E+05,2.082378E+00,4.592279E+04,1.313795E+00,0.000000E+00,0.000000E+00,1.313795E+00,0.000000E+00,6.952476E+00,9.518343E+04,1.370787E+05,2.775095E+00,4.293054E+04,1.313795E+00,0.000000E+00,0.000000E+00,1.313795E+00,0.000000E+00,7.623028E+00,1.028845E+05,1.450148E+05
15:20:00,1.961565E+00,4.644462E+04,1.313795E+00,0.000000E+00,0.000000E+00,1.313795E+00,0.000000E+00,6.273177E+00,8.720757E+04,1.288114E+05,2.082205E+00,4.592353E+04,1.313795E+00,0.000000E+00,0.000000E+00,1.313795E+00,0.000000E+00,6.955810E+00,9.508045E+04,1.369758E+05,2.773397E+00,4.293788E+04,1.313795E+00,0.000000E+00,0.000000E+00,1.313795E+00,0.000000E+00,7.653720E+00,1.030949E+05,1.452349E+05
15:30:00,1.961733E+00,4.644389E+04,1.313795E+00,0.000000E+00,0.000000E+00,1.313795E+00,0.000000E+00,6.272373E+00,8.705682E+04,1.286621E+05,2.082037E+00,4.592426E+04,1.313795E+00,0.000000E+00,0.000000E+00,1.313795E+00,0.000000E+00,6.955764E+00,9.493854E+04,1.368332E+05,2.771769E+00,4.294491E+04,1.313795E+00,0.000000E+00,0.000000E+00,1.313795E+00,0.000000E+00,7.680325E+00,1.032584E+05,1.454071E+05
15:40:00,1.961895E+00,4.644319E+04,1.313795E+00,0.000000E+00,0.000000E+00,1.313795E+00,0.000000E+00,6.268964E+00,8.687587E+04,1.284800E+05,2.081872E+00,4.592497E+04,1.313795E+00,0.000000E+00,0.000000E+00,1.313795E+00,0.000000E+00,6.952392E+00,9.475830E+04,1.366506E+05,2.770200E+00,4.295169E+04,1.313795E+00,0.000000E+00,0.000000E+00,1.313795E+00,0.000000E+00,7.702835E+00,1.033749E+05,1.455306E+05
15:50:00,1.962055E+00,4.644250E+04,1.313795E+00,0.000000E+00,0.000000E+00,1.313795E+00,0.000000E+00,6.262880E+00,8.666390E+04,1.282644E+05,2.081711E+00,4.592567E+04,1.313795E+00,0.000000E+00,0.000000E+00,1.313795E+00,0.000000E+00,6.945865E+00,9.454168E+04,1.364298E+05,2.768684E+00,4.295824E+04,1.313795E+00,0.000000E+00,0.000000E+00,1.313795E+00,0.000000E+00,7.721318E+00,1.034451E+05,1.456058E+05
16:00:00,1.962215E+00,4.644181E+04,1.313795E+00,0.000000E+00,0.000000E+00,1.313795E+00,0.000000E+00,6.253706E+00,8.641619E+04,1.280107E+05,2.081552E+00,4.592635E+04,1.313795E+00,0.000000E+00,0.000000E+00,1.313795E+00,0.000000E+00,6.935907E+00,9.428559E+04,1.361677E+05,2.767217E+00,4.296458E+04,1.313795E+00,0.000000E+00,0.000000E+00,1.313795E+00,0.000000E+00,7.735426E+00,1.034653E+05,1.456287E+05
16:10:00,1.962367E+00,4.644115E+04,1.313795E+00,0.000000E+00,0.000000E+00,1.313795E+00,0.000000E+00,6.275556E+00,8.648247E+04,1.281128E+05,2.081398E+00,4.592702E+04,1.313795E+00,0.000000E+00,0.000000E+00,1.313795E+00,0.000000E+00,6.923545E+00,9.395472E+04,1.358282E+05,2.765811E+00,4.297065E+04,1.313795E+00,0.000000E+00,0.000000E+00,1.313795E+00,0.000000E+00,7.746117E+00,1.033992E+05,1.455628E+05
16:20:00,1.962496E+00,4.644060E+04,1.313795E+00,0.000000E+00,0.000000E+00,1.313795E+00,0.000000E+00,6.297533E+00,8.654959E+04,1.281504E+05,2.081242E+00,4.592769E+04,1.313795E+00,0.000000E+00,0.000000E+00,1.313795E+00,0.000000E+00,6.908332E+00,9.359110E+04,1.354541E+05,2.764415E+00,4.297668E+04,1.313795E+00,0.000000E+00,0.000000E+00,1.313795E+00,0.000000E+00,7.752880E+00,1.032882E+05,1.454500E+05
16:30:00,1.962591E+00,4.644019E+04,1.313795E+00,0.000000E+00,0.000000E+00,1.313795E+00,0.000000E+00,6.319279E+00,8.661296E+04,1.282063E+05,2.081086E+00,4.592836E+04,1.313795E+00,0.000000E+00,0.000000E+00,1.313795E+00,0.000000E+00,6.891660E+00,9.321062E+04,1.350654E+05,2.763032E+00,4.298266E+04,1.313795E+00,0.000000E+00,0.000000E+00,1.313795E+00,0.000000E+00,7.757066E+00,1.031476E+05,1.453095E+05
16:40:00,1.962653E+00,4.643992E+04,1.313795E+00,0.000000E+00,0.000000E+00,1.313795E+00,0.000000E+00,6.340987E+00,8.667475E+04,1.282754E+05,2.080931E+00,4.592904E+04,1.313795E+00,0.000000E+00,0.000000E+00,1.313795E+00,0.000000E+00,6.874089E+00,9.281976E+04,1.346648E+05,2.761673E+00,4.298853E+04,1.313795E+00,0.000000E+00,0.000000E+00,1.313795E+00,0.000000E+00,7.759195E+00,1.029835E+05,1.451434E+05
16:50:00,1.962687E+00,4.643977E+04,1.313795E+00,0.000000E+00,0.000000E+00,1.313795E+00,0.000000E+00,6.361725E+00,8.672421E+04,1.283408E+05,2.080776E+00,4.592970E+04,1.313795E+00,0.000000E+00,0.000000E+00,1.313795E+00,0.000000E+00,6.854885E+00,9.241009E+04,1.342428E+05,2.760341E+00,4.299428E+04,1.313795E+00,0.000000E+00,0.000000E+00,1.313795E+00,0.000000E+00,7.758477E+00,1.027867E+05,1.449417E+05
17:00:00,1.962699E+00,4.643972E+04,1.313795E+00,0.000000E+00,0.000000E+00,1.313795E+00,0.000000E+00,6.380775E+00,8.675309E+04,1.283926E+05,2.080622E+00,4.593037E+04,1.313795E+00,0.000000E+00,0.000000E+00,1.313795E+00,0.000000E+00,6.833433E+00,9.197459E+04,1.337947E+05,2.759038E+00,4.299991E+04,1.313795E+00,0.000000E+00,0.000000E+00,1.313795E+00,0.000000E+00,7.754321E+00,1.025507E+05,1.447000E+05
17:10:00,1.962693E+00,4.643974E+04,1.313795E+00,0.000000E+00,0.000000E+00,1.313795E+00,0.000000E+00,6.424527E+00,8.702992E+04,1.287304E+05,2.080470E+00,4.593103E+04,1.313795E+00,0.000000E+00,0.000000E+00,1.313795E+00,0.000000E+00,6.810328E+00,9.147308E+04,1.332802E+05,2.757764E+00,4.300541E+04,1.313795E+00,0.000000E+00,0.000000E+00,1.313795E+00,0.000000E+00,7.747275E+00,1.022346E+05,1.443776E+05
17:20:00,1.962673E+00,4.643983E+04,1.313795E+00,0.000000E+00,0.000000E+00,1.313795E+00,0.000000E+00,6.470250E+00,8.732780E+04,1.289775E+05,2.080319E+00,4.593168E+04,1.313795E+00,0.000000E+00,0.000000E+00,1.313795E+00,0.000000E+00,6.786653E+00,9.096514E+04,1.327601E+05,2.756517E+00,4.301080E+04,1.313795E+00,0.000000E+00,0.000000E+00,1.313795E+00,0.000000E+00,7.738382E+00,1.018975E+05,1.440345E+05
17:30:00,1.962640E+00,4.643997E+04,1.313795E+00,0.000000E+00,0.000000E+00,1.313795E+00,0.000000E+00,6.515072E+00,8.761234E+04,1.292479E+05,2.080169E+00,4.593233E+04,1.313795E+00,0.000000E+00,0.000000E+00,1.313795E+00,0.000000E+00,6.760876E+00,9.043299E+04,1.322142E+05,2.755299E+00,4.301606E+04,1.313795E+00,0.000000E+00,0.000000E+00,1.313795E+00,0.000000E+00,7.726042E+00,1.015210E+05,1.436500E+05
17:40:00,1.962599E+00,4.644015E+04,1.313795E+00,0.000000E+00,0.000000E+00,1.313795E+00,0.000000E+00,6.557465E+00,8.786543E+04,1.295138E+05,2.080020E+00,4.593297E+04,1.313795E+00,0.000000E+00,0.000000E+00,1.313795E+00,0.000000E+00,6.731666E+00,8.986123E+04,1.316267E+05,2.754109E+00,4.302120E+04,1.313795E+00,0.000000E+00,0.000000E+00,1.313795E+00,0.000000E+00,7.708863E+00,1.010889E+05,1.432079E+05
17:50:00,1.962550E+00,4.644036E+04,1.313795E+00,0.000000E+00,0.000000E+00,1.313795E+00,0.000000E+00,6.596556E+00,8.807672E+04,1.297552E+05,2.079872E+00,4.593361E+04,1.313795E+00,0.000000E+00,0.000000E+00,1.313795E+00,0.000000E+00,6.698337E+00,8.924195E+04,1.309905E+05,2.752945E+00,4.302623E+04,1.313795E+00,0.000000E+00,0.000000E+00,1.313795E+00,0.000000E+00,7.686118E+00,1.005931E+05,1.427007E+05
18:00:00,1.962495E+00,4.644060E+04,1.313795E+00,0.000000E+00,0.000000E+00,1.313795E+00,0.000000E+00,6.630943E+00,8.823000E+04,1.299495E+05,2.079725E+00,4.593424E+04,1.313795E+00,0.000000E+00,0.000000E+00,1.313795E+00,0.000000E+00,6.659633E+00,8.856070E+04,1.302914E+05,2.751808E+00,4.303114E+04,1.313795E+00,0.000000E+00,0.000000E+00,1.313795E+00,0.000000E+00,7.656483E+00,1.000183E+05,1.421138E+05
18:10:00,2.006862E+00,4.624891E+04,1.313795E+00,0.000000E+00,0.000000E+00,1.313795E+00,0.000000E+00,6.412524E+00,8.543222E+04,1.269093E+05,2.124023E+00,4.574284E+04,1.313795E+00,0.000000E+00,0.000000E+00,1.313795E+00,0.000000E+00,6.612154E+00,8.766063E+04,1.293676E+05,2.795146E+00,4.284384E+04,1.313795E+00,0.000000E+00,0.000000E+00,1.313795E+00,0.000000E+00,7.616497E+00,9.920729E+04,1.412852E+05
18:20:00,2.051389E+00,4.605655E+04,1.313795E+00,0.000000E+00,0.000000E+00,1.313795E+00,0.000000E+00,6.162911E+00,8.225142E+04,1.238060E+05,2.168452E+00,4.555091E+04,1.313795E+00,0.000000E+00,0.000000E+00,1.313795E+00,0.000000E+00,6.552473E+00,8.661996E+04,1.283002E+05,2.843477E+00,4.263506E+04,1.313795E+00,0.000000E+00,0.000000E+00,1.313795E+00,0.000000E+00,7.562629E+00,9.823734E+04,1.402953E+05
18:30:00,2.096253E+00,4.586287E+04,1.313795E+00,0.000000E+00,0.000000E+00,1.313795E+00,0.000000E+00,5.889540E+00,7.875673E+04,1.202545E+05,2.213181E+00,4.535784E+04,1.313795E+00,0.000000E+00,0.000000E+00,1.313795E+00,0.000000E+00,6.476277E+00,8.538905E+04,1.270361E+05,2.899589E+00,4.239297E+04,1.313795E+00,0.000000E+00,0.000000E+00,1.313795E+00,0.000000E+00,7.490501E+00,9.705842E+04,1.390910E+05
18:40:00,2.141462E+00,4.566787E+04,1.313795E+00,0.000000E+00,0.000000E+00,1.313795E+00,0.000000E+00,5.589157E+00,7.490423E+04,1.162295E+05,2.258220E+00,4.516363E+04,1.313795E+00,0.000000E+00,0.000000E+00,1.313795E+00,0.000000E+00,6.378119E+00,8.390554E+04,1.255110E+05,2.962336E+00,4.212257E+04,1.313795E+00,0.000000E+00,0.000000E+00,1.313795E+00,0.000000E+00,7.394571E+00,9.560747E+04,1.376078E+05
18:50:00,2.186930E+00,4.547188E+04,1.313795E+00,0.000000E+00,0.000000E+00,1.313795E+00,0.000000E+00,5.262762E+00,7.069860E+04,1.117683E+05,2.303491E+00,4.496856E+04,1.313795E+00,0.000000E+00,0.000000E+00,1.313795E+00,0.000000E+00,6.257499E+00,8.216329E+04,1.237241E+05,3.030195E+00,4.183032E+04,1.313795E+00,0.000000E+00,0.000000E+00,1.313795E+00,0.000000E+00,7.274280E+00,9.387791E+04,1.358447E+05
19:00:00,2.232587E+00,4.527518E+04,1.313795E+00,0.000000E+00,0.000000E+00,1.313795E+00,0.000000E+00,4.914092E+00,6.617486E+04,1.069185E+05,2.348930E+00,4.477288E+04,1.313795E+00,0.000000E+00,0.000000E+00,1.313795E+00,0.000000E+00,6.117171E+00,8.019258E+04,1.216997E+05,3.102150E+00,4.152057E+04,1.313795E+00,0.000000E+00,0.000000E+00,1.313795E+00,0.000000E+00,7.132326E+00,9.189947E+04,1.338250E+05
19:10:00,2.233960E+00,4.526983E+04,1.313795E+00,0.000000E+00,0.000000E+00,1.313795E+00,0.000000E+00,4.712143E+00,6.354625E+04,1.041682E+05,2.350057E+00,4.476869E+04,1.313795E+00,0.000000E+00,0.000000E+00,1.313795E+00,0.000000E+00,5.969563E+00,7.822658E+04,1.196774E+05,3.133135E+00,4.138796E+04,1.313795E+00,0.000000E+00,0.000000E+00,1.313795E+00,0.000000E+00,6.981235E+00,8.990622E+04,1.317881E+05
19:20:00,2.235286E+00,4.526466E+04,1.313795E+00,0.000000E+00,0.000000E+00,1.313795E+00,0.000000E+00,4.523169E+00,6.105326E+04,1.015832E+05,2.351162E+00,4.476456E+04,1.313795E+00,0.000000E+00,0.000000E+00,1.313795E+00,0.000000E+00,5.824609E+00,7.628368E+04,1.176575E+05,3.162193E+00,4.126362E+04,1.313795E+00,0.000000E+00,0.000000E+00,1.313795E+00,0.000000E+00,6.831126E+00,8.791817E+04,1.297346E+05
19:30:00,2.236372E+00,4.526039E+04,1.313795E+00,0.000000E+00,0.000000E+00,1.313795E+00,0.000000E+00,4.347770E+00,5.870405E+04,9.910684E+04,2.352062E+00,4.476116E+04,1.313795E+00,0.000000E+00,0.000000E+00,1.313795E+00,0.000000E+00,5.690130E+00,7.445595E+04,1.157368E+05,3.186186E+00,4.116083E+04,1.313795E+00,0.000000E+00,0.000000E+00,1.313795E+00,0.000000E+00,6.689928E+00,8.602761E+04,1.277609E+05
19:40:00,2.237195E+00,4.525710E+04,1.313795E+00,0.000000E+00,0.000000E+00,1.313795E+00,0.000000E+00,4.192970E+00,5.658821E+04,9.685308E+04,2.352735E+00,4.475854E+04,1.313795E+00,0.000000E+00,0.000000E+00,1.313795E+00,0.000000E+00,5.574445E+00,7.284405E+04,1.140351E+05,3.205981E+00,4.107583E+04,1.313795E+00,0.000000E+00,0.000000E+00,1.313795E+00,0.000000E+00,6.566093E+00,8.433514E+04,1.259863E+05
19:50:00,2.237829E+00,4.525453E+04,1.313795E+00,0.000000E+00,0.000000E+00,1.313795E+00,0.000000E+00,4.061308E+00,5.474191E+04,9.487626E+04,2.353253E+00,4.475649E+04,1.313795E+00,0.000000E+00,0.000000E+00,1.313795E+00,0.000000E+00,5.480957E+00,7.149083E+04,1.126079E+05,3.222866E+00,4.100320E+04,1.313795E+00,0.000000E+00,0.000000E+00,1.313795E+00,0.000000E+00,6.463118E+00,8.288365E+04,1.244655E+05
20:00:00,2.238338E+00,4.525245E+04,1.313795E+00,0.000000E+00,0.000000E+00,1.313795E+00,0.000000E+00,3.952413E+00,5.316491E+04,9.318629E+04,2.353674E+00,4.475481E+04,1.313795E+00,0.000000E+00,0.000000E+00,1.313795E+00,0.000000E+00,5.409833E+00,7.039998E+04,1.114648E+05,3.237659E+00,4.093950E+04,1.313795E+00,0.000000E+00,0.000000E+00,1.313795E+00,0.000000E+00,6.381291E+00,8.167780E+04,1.232091E+05
20:10:00,2.238759E+00,4.525072E+04,1.313795E+00,0.000000E+00,0.000000E+00,1.313795E+00,0.000000E+00,3.887155E+00,5.216468E+04,9.213856E+04,2.354031E+00,4.475335E+04,1.313795E+00,0.000000E+00,0.000000E+00,1.313795E+00,0.000000E+00,5.352675E+00,6.951970E+04,1.105464E+05,3.250810E+00,4.088282E+04,1.313795E+00,0.000000E+00,0.000000E+00,1.313795E+00,0.000000E+00,6.312195E+00,8.066654E+04,1.221593E+05
20:20:00,2.239117E+00,4.524923E+04,1.313795E+00,0.000000E+00,0.000000E+00,1.313795E+00,0.000000E+00,3.832364E+00,5.128992E+04,9.122335E+04,2.354345E+00,4.475206E+04,1.313795E+00,0.000000E+00,0.000000E+00,1.313795E+00,0.000000E+00,5.303337E+00,6.873070E+04,1.097246E+05,3.262612E+00,4.083192E+04,1.313795E+00,0.000000E+00,0.000000E+00,1.313795E+00,0.000000E+00,6.249640E+00,7.973080E+04,1.211891E+05
20:30:00,2.239428E+00,4.524793E+04,1.313795E+00,0.000000E+00,0.000000E+00,1.313795E+00,0.000000E+00,3.784065E+00,5.049283E+04,9.038846E+04,2.354629E+00,4.475087E+04,1.313795E+00,0.000000E+00,0.000000E+00,1.313795E+00,0.000000E+00,5.259220E+00,6.800253E+04,1.089668E+05,3.273284E+00,4.078588E+04,1.313795E+00,0.000000E+00,0.000000E+00,1.313795E+00,0.000000E+00,6.191051E+00,7.884073E+04,1.202666E+05
20:40:00,2.239704E+00,4.524677E+04,1.313795E+00,0.000000E+00,0.000000E+00,1.313795E+00,0.000000E+00,3.740536E+00,4.975276E+04,8.961213E+04,2.354891E+00,4.474977E+04,1.313795E+00,0.000000E+00,0.000000E+00,1.313795E+00,0.000000E+00,5.218875E+00,6.731831E+04,1.082550E+05,3.282960E+00,4.074413E+04,1.313795E+00,0.000000E+00,0.000000E+00,1.313795E+00,0.000000E+00,6.135039E+00,7.798023E+04,1.193751E+05
20:50:00,2.239952E+00,4.524572E+04,1.313795E+00,0.000000E+00,0.000000E+00,1.313795E+00,0.000000E+00,3.700652E+00,4.905625E+04,8.888040E+04,2.355137E+00,4.474872E+04,1.313795E+00,0.000000E+00,0.000000E+00,1.313795E+00,0.000000E+00,5.181377E+00,6.666721E+04,1.075778E+05,3.291788E+00,4.070602E+04,1.313795E+00,0.000000E+00,0.000000E+00,1.313795E+00,0.000000E+00,6.080752E+00,7.713946E+04,1.185040E+05
21:00:00,2.240178E+00,4.524476E+04,1.313795E+00,0.000000E+00,0.000000E+00,1.313795E+00,0.000000E+00,3.663680E+00,4.839450E+04,8.818425E+04,2.355372E+00,4.474772E+04,1.313795E+00,0.000000E+00,0.000000E+00,1.313795E+00,0.000000E+00,5.146126E+00,6.604226E+04,1.069280E+05,3.299891E+00,4.067104E+04,1.313795E+00,0.000000E+00,0.000000E+00,1.313795E+00,0.000000E+00,6.027679E+00,7.631249E+04,1.176473E+05
21:10:00,2.240387E+00,4.524386E+04,1.313795E+00,0.000000E+00,0.000000E+00,1.313795E+00,0.000000E+00,3.614328E+00,4.758270E+04,8.730923E+04,2.355598E+00,4.474676E+04,1.313795E+00,0.000000E+00,0.000000E+00,1.313795E+00,0.000000E+00,5.112532E+00,6.543654E+04,1.062980E+05,3.307365E+00,4.063878E+04,1.313795E+00,0.000000E+00,0.000000E+00,1.313795E+00,0.000000E+00,5.975316E+00,7.549346E+04,1.167985E+05
21:20:00,2.240583E+00,4.524303E+04,1.313795E+00,0.000000E+00,0.000000E+00,1.313795E+00,0.000000E+00,3.565728E+00,4.677843E+04,8.646377E+04,2.355817E+00,4.474582E+04,1.313795E+00,0.000000E+00,0.000000E+00,1.313795E+00,0.000000E+00,5.080310E+00,6.484671E+04,1.056845E+05,3.314288E+00,4.060889E+04,1.313795E+00,0.000000E+00,0.000000E+00,1.313795E+00,0.000000E+00,5.923478E+00,7.468021E+04,1.159555E+05
21:30:00,2.240767E+00,4.524224E+04,1.313795E+00,0.000000E+00,0.000000E+00,1.313795E+00,0.000000E+00,3.518291E+00,4.598650E+04,8.562480E+04,2.356032E+00,4.474490E+04,1.313795E+00,0.000000E+00,0.000000E+00,1.313795E+00,0.000000E+00,5.049264E+00,6.427050E+04,1.050850E+05,3.320726E+00,4.058109E+04,1.313795E+00,0.000000E+00,0.000000E+00,1.313795E+00,0.000000E+00,5.872074E+00,7.387169E+04,1.151171E+05
21:40:00,2.240943E+00,4.524148E+04,1.313795E+00,0.000000E+00,0.000000E+00,1.313795E+00,0.000000E+00,3.471944E+00,4.520606E+04,8.479193E+04,2.356243E+00,4.474399E+04,1.313795E+00,0.000000E+00,0.000000E+00,1.313795E+00,0.000000E+00,5.019251E+00,6.370625E+04,1.044979E+05,3.326773E+00,4.055499E+04,1.313795E+00,0.000000E+00,0.000000E+00,1.313795E+00,0.000000E+00,5.821067E+00,7.306747E+04,1.142829E+05
21:50:00,2.241111E+00,4.524076E+04,1.313795E+00,0.000000E+00,0.000000E+00,1.313795E+00,0.000000E+00,3.426630E+00,4.443641E+04,8.396562E+04,2.356452E+00,4.474309E+04,1.313795E+00,0.000000E+00,0.000000E+00,1.313795E+00,0.000000E+00,4.990160E+00,6.315267E+04,1.039218E+05,3.332461E+00,4.053043E+04,1.313795E+00,0.000000E+00,0.000000E+00,1.313795E+00,0.000000E+00,5.770454E+00,7.226750E+04,1.134528E+05
22:00:00,2.241274E+00,4.524006E+04,1.313795E+00,0.000000E+00,0.000000E+00,1.313795E+00,0.000000E+00,3.382313E+00,4.367715E+04,8.314652E+04,2.356658E+00,4.474220E+04,1.313795E+00,0.000000E+00,0.000000E+00,1.313795E+00,0.000000E+00,4.961904E+00,6.260874E+04,1.033557E+05,3.337817E+00,4.050730E+04,1.313795E+00,0.000000E+00,0.000000E+00,1.313795E+00,0.000000E+00,5.720252E+00,7.147197E+04,1.126271E+05
22:10:00,2.241429E+00,4.523939E+04,1.313795E+00,0.000000E+00,0.000000E+00,1.313795E+00,0.000000E+00,2.805620E+00,3.495115E+04,7.337136E+04,2.356861E+00,4.474132E+04,1.313795E+00,0.000000E+00,0.000000E+00,1.313795E+00,0.000000E+00,4.123113E+00,5.109040E+04,9.099713E+04,3.342831E+00,4.048565E+04,1.313795E+00,0.000000E+00,0.000000E+00,1.313795E+00,0.000000E+00,4.745921E+00,5.857861E+04,9.899727E+04
22:20:00,2.241579E+00,4.523874E+04,1.313795E+00,0.000000E+00,0.000000E+00,1.313795E+00,0.000000E+00,2.272481E+00,2.818780E+04,6.566108E+04,2.357061E+00,4.474046E+04,1.313795E+00,0.000000E+00,0.000000E+00,1.313795E+00,0.000000E+00,3.463166E+00,4.524028E+04,8.479957E+04,3.347543E+00,4.046531E+04,1.313795E+00,0.000000E+00,0.000000E+00,1.313795E+00,0.000000E+00,4.018020E+00,5.277679E+04,9.301386E+04
22:30:00,2.241724E+00,4.523812E+04,1.313795E+00,0.000000E+00,0.000000E+00,1.313795E+00,0.000000E+00,1.739889E+00,2.219795E+04,5.824074E+04,2.357260E+00,4.473960E+04,1.313795E+00,0.000000E+00,0.000000E+00,1.313795E+00,0.000000E+00,2.773651E+00,3.821005E+04,7.650370E+04,3.351991E+00,4.044610E+04,1.313795E+00,0.000000E+00,0.000000E+00,1.313795E+00,0.000000E+00,3.252993E+00,4.479306E+04,8.381522E+04
22:40:00,2.241865E+00,4.523751E+04,1.313795E+00,0.000000E+00,0.000000E+00,1.313795E+00,0.000000E+00,1.323158E+00,1.423702E+04,4.841532E+04,2.357457E+00,4.473876E+04,1.313795E+00,0.000000E+00,0.000000E+00,1.313795E+00,0.000000E+00,2.099447E+00,2.845237E+04,6.483534E+04,3.356204E+00,4.042792E+04,1.313795E+00,0.000000E+00,0.000000E+00,1.313795E+00,0.000000E+00,2.508782E+00,3.463503E+04,7.182398E+04
22:50:00,2.242002E+00,4.523692E+04,1.313795E+00,0.000000E+00,0.000000E+00,1.313795E+00,0.000000E+00,1.313795E+00,1.386165E+04,4.751593E+04,2.357652E+00,4.473791E+04,1.313795E+00,0.000000E+00,0.000000E+00,1.313795E+00,0.000000E+00,1.445397E+00,1.651050E+04,5.057311E+04,3.360203E+00,4.041065E+04,1.313795E+00,0.000000E+00,0.000000E+00,1.313795E+00,0.000000E+00,1.782507E+00,2.258844E+04,5.752474E+04
23:00:00,2.242136E+00,4.523634E+04,1.313795E+00,0.000000E+00,0.000000E+00,1.313795E+00,0.000000E+00,1.313795E+00,1.369685E+04,4.686706E+04,2.357846E+00,4.473708E+04,1.313795E+00,0.000000E+00,0.000000E+00,1.313795E+00,0.000000E+00,1.313795E+00,1.369685E+04,4.686706E+04,3.364008E+00,4.039422E+04,1.313795E+00,0.000000E+00,0.000000E+00,1.313795E+00,0.000000E+00,1.313795E+00,1.369685E+04,4.686706E+04
23:10:00,2.242268E+00,4.523577E+04,1.313795E+00,0.000000E+00,0.000000E+00,1.313795E+00,0.000000E+00,1.313795E+00,1.353205E+04,4.622164E+04,2.358041E+00,4.473624E+04,1.313795E+00,0.000000E+00,0.000000E+00,1.313795E+00,0.000000E+00,1.313795E+00,1.353205E+04,4.622164E+04,3.367677E+00,4.037838E+04,1.313795E+00,0.000000E+00,0.000000E+00,1.313795E+00,0.000000E+00,1.396059E+00,1.529280E+04,4.823891E+04
23:20:00,2.242398E+00,4.523521E+04,1.313795E+00,0.000000E+00,0.000000E+00,1.313795E+00,0.000000E+00,1.313795E+00,1.336725E+04,4.557964E+04,2.358236E+00,4.473539E+04,1.313795E+00,0.000000E+00,0.000000E+00,1.313795E+00,0.000000E+00,1.313795E+00,1.336725E+04,4.557964E+04,3.371213E+00,4.036311E+04,1.313795E+00,0.000000E+00,0.000000E+00,1.313795E+00,0.000000E+00,1.389729E+00,1.499082E+04,4.744665E+04
23:30:00,2.242527E+00,4.523465E+04,1.313795E+00,0.000000E+00,0.000000E+00,1.313795E+00,0.000000E+00,1.313795E+00,1.320245E+04,4.494103E+04,2.358430E+00,4.473456E+04,1.313795E+00,0.000000E+00,0.000000E+00,1.313795E+00,0.000000E+00,1.313795E+00,1.320245E+04,4.494103E+04,3.374614E+00,4.034843E+04,1.313795E+00,0.000000E+00,0.000000E+00,1.313795E+00,0.000000E+00,1.417128E+00,1.538406E+04,4.745590E+04
23:40:00,2.242653E+00,4.523411E+04,1.313795E+00,0.000000E+00,0.000000E+00,1.313795E+00,0.000000E+00,1.313795E+00,1.303764E+04,4.430580E+04,2.358624E+00,4.473372E+04,1.313795E+00,0.000000E+00,0.000000E+00,1.313795E+00,0.000000E+00,1.313795E+00,1.303764E+04,4.430580E+04,3.377885E+00,4.033430E+04,1.313795E+00,0.000000E+00,0.000000E+00,1.313795E+00,0.000000E+00,1.437690E+00,1.563092E+04,4.729993E+04
23:50:00,2.242777E+00,4.523357E+04,1.313795E+00,0.000000E+00,0.000000E+00,1.313795E+00,0.000000E+00,1.313795E+00,1.287284E+04,4.367392E+04,2.358818E+00,4.473288E+04,1.313795E+00,0.000000E+00,0.000000E+00,1.313795E+00,0.000000E+00,1.313795E+00,1.287284E+04,4.367392E+04,3.381033E+00,4.032071E+04,1.313795E+00,0.000000E+00,0.000000E+00,1.313795E+00,0.000000E+00,1.453071E+00,1.577134E+04,4.702354E+04
24:00:00,2.242899E+00,4.523305E+04,1.313795E+00,0.000000E+00,0.000000E+00,1.313795E+00,0.000000E+00,1.313795E+00,1.270804E+04,4.304537E+04,2.359010E+00,4.473205E+04,1.313795E+00,0.000000E+00,0.000000E+00,1.313795E+00,0.000000E+00,1.313795E+00,1.270804E+04,4.304537E+04,3.384065E+00,4.030762E+04,1.313795E+00,0.000000E+00,0.000000E+00,1.313795E+00,0.000000E+00,1.464578E+00,1.583420E+04,4.665969E+04
Coinc Peak   ,2.246233E+00,6.630943E+00,4.521866E+04,1.016639E+05,2.365188E+00,7.170635E+00,4.470540E+04,1.067251E+05,3.447405E+00,7.759195E+00,4.003146E+04,1.096680E+05
NonCoinc Peak,2.246233E+00,7.997894E+00,4.521866E+04,1.016639E+05,2.365188E+00,8.647629E+00,4.470540E+04,1.067251E+05,3.448028E+00,8.814647E+00,4.003146E+04,1.096680E+05
